video_id,titulo,descricao,canal,channel_id,data_publicacao,views_video,likes_video,comentarios_video,duracao_segundos,tags,inscritos_canal,inscritos_ocultos,visualizacoes_canal,total_videos_canal
8dZQsMr7Yvo,Vacas üêÆ d√£o 'um giro' nas alturas na Su√≠√ßa #bbcnewsbrasil,"Vacas foram retiradas de uma regi√£o na Su√≠√ßa que est√° sob amea√ßa de um deslizamento de terra. E, para isso, diversos meios foram utilizados, inclusive a√©reo.

Segundo ge√≥logos, Blatten, um vilarejo no vale de Loetschental, est√° na rota de uma √°rea que pode ser atingida por uma enorme avalanche de rochas.

Os 300 habitantes de Blatten tiveram que ser evacuados. Outros animais, como ovelhas e coelhos tamb√©m foram retirados.

Veja os detalhes no v√≠deo.

#noticias #suica #alpes #animais #bichos",BBC News Brasil,UCthbIFAxbXTTQEC7EcQvP1Q,2025-05-28T10:00:12Z,4933,622,85,56,"['bbc brasil', 'bbcbrasil', 'not√≠cias internacionais', 'bbc news brasil', 'bbc']",4260000,False,1124721107,8101
iomOP7dmij0,Marina Silva fala ap√≥s ser alvo de senadores em comiss√£o,"A ministra do Meio Ambiente e Mudan√ßa do Clima, Marina Silva, abandonou nesta ter√ßa-feira (27/5) uma audi√™ncia na Comiss√£o de Infraestrutura do Senado, √† qual ela havia sido chamada para falar da cria√ß√£o de √°reas de conserva√ß√£o na regi√£o Norte, ap√≥s ser alvo de declara√ß√µes de senadores consideradas machistas e ofensivas.

O senador Pl√≠nio Val√©rio (PSDB-AM), ao cumprimentar Marina, afirmou que desejava ""separar a mulher da ministra"", porque a mulher ""merecia respeito"" e a ministra, n√£o.

""Ministra Marina, que bom reencontr√°-la. E ao olhar para a senhora, eu estou vendo uma ministra. N√£o estou falando com uma mulher. Porque a mulher
merece respeito, ministra n√£o. Por isso que eu quero separar"", disse Val√©rio, l√≠der do PSDB no Senado.

A ministra reagiu imediatamente, cobrando um pedido de desculpas. ""Como eu fui convidada como ministra, ou ele me pede desculpas ou eu vou me retirar. Se, como ministra, ele n√£o me respeita, vou me retirar"", disse Marina. Diante da recusa do parlamentar em se retratar, ela deixou a sess√£o.

Este n√£o foi o primeiro ataque do senador a Marina. Em mar√ßo, durante uma audi√™ncia da CPI das ONGs, Pl√≠nio declarou: ""Imagine o que √© tolerar a Marina 6 horas e 10 minutos sem enforc√°-la?"". Na ocasi√£o, a ministra respondeu: ""Com a vida dos outros n√£o se brinca. S√≥ os psicopatas s√£o capazes de fazer isso"".

Veja os detalhes no v√≠deo

#bbcbrasil #politica #meioambiente #brasilia",BBC News Brasil,UCthbIFAxbXTTQEC7EcQvP1Q,2025-05-27T21:45:35Z,27105,2781,559,130,"['bbc brasil', 'bbcbrasil', 'not√≠cias internacionais', 'bbc news brasil', 'bbc']",4260000,False,1124721107,8101
HhOrx2QRVek,"Como It√°lia, Portugal e Reino Unido est√£o restringindo nacionalidade, cidadania e imigra√ß√£o","Governos europeus t√™m anunciado mudan√ßas que prometem dificultar a entrada de imigrantes em seus pa√≠ses.

A It√°lia aprovou no Parlamento novas regras pra quem pede a cidadania italiana. A partir de agora, s√≥ poder√° pedir cidadania quem tiver ao menos um dos pais ou av√≥s italianos. E esse parente precisa ter tido exclusivamente essa cidadania - ou morado na It√°lia por 2 anos seguidos antes do nascimento ou ado√ß√£o do filho.  

No Reino Unido, o governo trabalhista prop√¥s novas regras, que ainda precisar√£o ser aprovadas, para aumentar as exig√™ncias na contrata√ß√£o de trabalhadores estrangeiros. O premi√™ Keir Starmer tamb√©m quer aumentar de cinco para dez anos o tempo necess√°rio para que imigrantes que j√° moram no pa√≠s tenham direito √† resid√™ncia permanente no Reino Unido. 

Em Portugal, o avan√ßo do partido anti-imigra√ß√£o Chega tamb√©m tem pressionado por regras mais duras contra imigrantes. Embora o foco n√£o sejam brasileiros especificamente, eles tamb√©m tendem a ser afetados.

Confira neste v√≠deo apresentado por Julia Braun.

#bbcnewsbrasil #noticias #imigra√ß√£o #passaporte #italiano #portugues #reinounido 

Curtiu? Inscreva-se no canal da BBC News Brasil! E se quiser ler mais not√≠cias, clique aqui: https://www.bbcbrasil.com",BBC News Brasil,UCthbIFAxbXTTQEC7EcQvP1Q,2025-05-27T20:00:11Z,57328,3418,852,550,"['bbc brasil', 'bbcbrasil', 'not√≠cias internacionais', 'bbc news brasil', 'bbc']",4260000,False,1124721107,8101
M5C_R7_M_34,A dupla de freiras que viralizou com passos de dan√ßa e beatbox do rap üé§ #bbcnewsbrasil,"As irm√£s Marisa e Marizele, do Paran√°, foram convidadas para o programa Fam√≠lia de Amor, da TV Pai Eterno, de Goi√¢nia, para discutir voca√ß√£o religiosa. 

Elas trabalham com m√∫sica para ajudar na recupera√ß√£o de jovens que lutam contra o v√≠cio em drogas. 

Marizele foi a respons√°vel por fazer o beatbox que impressionou f√£s do hip hop. Segundo a TV Globo, ela √© m√©dica veterin√°ria e neta de violeiro.

O sucesso chegou a diversos canais pelo mundo. 

Veja a apresenta√ß√£o delas no v√≠deo.

#bbcbrasil #noticias #curiosidades #hiphop #rap #religiao #catolicos",BBC News Brasil,UCthbIFAxbXTTQEC7EcQvP1Q,2025-05-27T16:24:27Z,108649,6512,343,28,"['bbc brasil', 'bbcbrasil', 'not√≠cias internacionais', 'bbc news brasil', 'bbc']",4260000,False,1124721107,8101
qRxf25oBWDY,Momento em que motorista avan√ßa sobre torcedores do Liverpool,"'Inferno na Terra' üá¨üáß

Veja o momento em que motorista avan√ßou contra uma multid√£o durante um evento em Liverpool, no Reino Unido, ferindo quase 50 pessoas. Um adulto e uma crian√ßa sofreram ferimentos graves ‚Äî e 27 pessoas foram levadas ao hospital.

O atropelamento ocorreu na segunda-feira (26/05) enquanto milhares de pessoas estavam comemorando a conquista da Premier League, o campeonato ingl√™s de futebol, pelo time do Liverpool. Nesta ter√ßa-feira (27/05), a rua continuava fechada pela pol√≠cia.

Um brit√¢nico de 53 anos que morava na √°rea de Liverpool foi preso. A pol√≠cia acredita que ele seja o motorista do carro que provocou os atropelamentos.

Ainda n√£o est√° claro por que o incidente ocorreu, mas a pol√≠cia afirma que o caso n√£o est√° sendo tratado como terrorismo.

Leia o que se sabe sobre o caso no www.bbcbrasil.com. https://www.bbc.com/portuguese/articles/cvg5j93xegvo

Curtiu? Inscreva-se no canal da BBC News Brasil! E se quiser ler mais not√≠cias, clique aqui: https://www.bbcbrasil.com",BBC News Brasil,UCthbIFAxbXTTQEC7EcQvP1Q,2025-05-27T11:55:27Z,17067,607,95,79,"['bbc brasil', 'bbcbrasil', 'not√≠cias internacionais', 'bbc news brasil', 'bbc']",4260000,False,1124721107,8101
rLSVOcrJLwE,A onda de evitar picos de glicose para emagrecer ‚Äî e por que ela faz sentido,"Aumento r√°pido de a√ß√∫car no sangue √© descrito por especialistas como um dos principais mecanismos do corpo para estocar gordura e tamb√©m como algo que pode acarretar problemas de sa√∫de a longo prazo. 

Ou√ßa √°udio de reportagem de Giulia Granchi.        

Leia tamb√©m o texto https://www.bbc.com/portuguese/articles/c98yd859demo.

O BBC L√™ foi lan√ßado como podcast que voc√™ pode ouvir ou baixar em Apple Podcasts (https://podcasts.apple.com/br/podcast/bbc-l%C3%AA/id1586358051?uo=4), Spotify (https://open.spotify.com/show/54YV8Rd6zmvq9Ry55q9HQw) ou Amazon Music (https://music.amazon.com.br/podcasts/5082d646-cd10-4192-8f83-4812d02b6f83/bbc-l%C3%AA). 

A lista completa dos epis√≥dios no YouTube est√° aqui: https://www.youtube.com/playlist?list=PLCX5XjxKTpTlB8KK68IQDWfiSMjqNwVmB 

Curtiu? Inscreva-se no canal da BBC News Brasil! E se quiser ler mais not√≠cias, clique aqui: https://www.bbcbrasil.com",BBC News Brasil,UCthbIFAxbXTTQEC7EcQvP1Q,2025-05-27T10:01:28Z,23671,2225,31,611,"['bbc brasil', 'bbcbrasil', 'not√≠cias internacionais', 'bbc news brasil', 'bbc']",4260000,False,1124721107,8101
UXHhuGB-YQE,O susto que esse senhor noruegu√™s levou quando olhou o jardim #bbcnewsbrasil,"Johan Helberg levou um susto ao perceber que um enorme navio porta-cont√™ineres estava encalhado em seu jardim.

O navio de 135 metros por pouco n√£o destruiu a casa dele por volta das 5h da manh√£ (0h no hor√°rio de Bras√≠lia) de quinta-feira (22/5).

Helberg s√≥ se deu conta do tamanho do problema quando ouviu seu vizinho em p√¢nico. O vizinho acompanhava os movimentos do navio at√© ele encalhar no litoral no munic√≠pio de Byneset, perto da cidade de Trondheim, a terceira maior da Noruega.",BBC News Brasil,UCthbIFAxbXTTQEC7EcQvP1Q,2025-05-27T10:00:50Z,24960,1414,53,62,"['bbc brasil', 'bbcbrasil', 'not√≠cias internacionais', 'bbc news brasil', 'bbc']",4260000,False,1124721107,8101
LcmPq_q_lxA,Brasil: ‚Äòber√ß√°rio‚Äô de espi√µes russos üïµÔ∏è‚Äç‚ôÇÔ∏èüá∑üá∫  #bbcnewsbrasil,"O tema da circula√ß√£o de espi√µes russos no Brasil voltou √† tona com uma reportagem do jornal The New York Times. Mas essa hist√≥ria j√° havia sido contada pela BBC News Brasil em 2023.

Victor Ferreira, Jos√© Assis, Daniel Campos. Em princ√≠pio, nomes absolutamente comuns no Brasil e que dificilmente chamariam aten√ß√£o.

Nos √∫ltimos meses, por√©m, eles passaram a fazer parte de uma investiga√ß√£o sobre espionagem internacional envolvendo pol√≠cias e servi√ßos de intelig√™ncia de diferentes pa√≠ses, incluindo o Brasil.

O russo Sergey Vladimirovich Cherkasov, que usava o nome Victor Muller Ferreira, foi preso no Brasil em 2022. Desde ent√£o, os Estados Unidos - pa√≠s onde o espi√£o j√° morou sob a identidade brasileira falsa - e a R√∫ssia pediram sua extradi√ß√£o.

O rep√≥rter Leandro Prazeres investigou o caso e, neste v√≠deo, explica como o Brasil se tornou ‚Äòber√ß√°rio‚Äô de espi√µes russos.

#noticias #espionagem #russia",BBC News Brasil,UCthbIFAxbXTTQEC7EcQvP1Q,2025-05-26T23:53:57Z,36322,3211,223,180,"['bbc brasil', 'bbcbrasil', 'not√≠cias internacionais', 'bbc news brasil', 'bbc']",4260000,False,1124721107,8101
XosxiKeZPtI,Macron tem rosto empurrado pela esposa ao chegar no Vietn√£ #bbcnewsbrasil,"'Briguinha'üá´üá∑

No nosso v√≠deo voc√™ confere o momento em que o presidente da Fran√ßa, Emmanuel Macron, parece ter seu rosto empurrado por sua esposa na porta do avi√£o presidencial, antes de desembarcar em Han√≥i, no Vietn√£, no domingo (25/5) √† noite.

Nas imagens, podem-se ver apenas o que parecem ser a m√£o e parte do bra√ßo de Brigitte Macron tocando o rosto do presidente franc√™s.

Macron inicialmente aparenta certo nervosismo, mas logo se recomp√µe e acena para as c√¢meras do lado de fora da aeronave.

Funcion√°rios do governo franc√™s disseram, segundo a imprensa do pa√≠s, que a cena foi ""um momento em que o presidente e sua esposa estavam relaxando em uma brincadeira antes de iniciar a viagem"". Macron disse, segundo a ag√™ncia de not√≠cias Reuters, que foi ""uma briguinha, mais uma brincadeira"".

#macron #fran√ßa #bbcbrasil

Curtiu? Inscreva-se no canal da BBC News Brasil! E se quiser ler mais not√≠cias, clique aqui: https://www.bbcbrasil.com",BBC News Brasil,UCthbIFAxbXTTQEC7EcQvP1Q,2025-05-26T13:22:02Z,390963,7023,2538,44,"['bbc brasil', 'bbcbrasil', 'not√≠cias internacionais', 'bbc news brasil', 'bbc']",4260000,False,1124721107,8101
hMSiOsQuVkQ,Deputado bebe cerveja do pr√≥prio cal√ßado em plen√°ria na Austr√°lia,"Coisas da Austr√°liaüòÜüëüüá¶üá∫

Para encerrar seu discurso de despedida, ap√≥s dois mandatos no Parlamento da Austr√°lia Ocidental, o deputado Kyle McGinn decidiu inovar.

Ele ""mandou um shoey"", como √© conhecida a tradi√ß√£o australiana de tomar, geralmente bebidas alco√≥licas, do pr√≥prio cal√ßado. 

Na plen√°ria, McGinn tirou o t√™nis, abriu uma lata e serviu-se de cerveja antes de dar um longo gole comemorativo diante de seus colegas ‚Äî alguns chocados, outros rindo.

Ele explicou que o ""shoey"" √© uma tradi√ß√£o dele com seus eleitores. Segundo o deputado, em entrevista posterior √† imprensa local, o gesto teve o objetivo de mostrar que ""pessoas normais"" tamb√©m est√£o no Parlamento.

Curtiu? Inscreva-se no canal da BBC News Brasil! E se quiser ler mais not√≠cias, clique aqui: https://www.bbcbrasil.com",BBC News Brasil,UCthbIFAxbXTTQEC7EcQvP1Q,2025-05-26T10:02:01Z,13555,491,62,45,"['bbc brasil', 'bbcbrasil', 'not√≠cias internacionais', 'bbc news brasil', 'bbc']",4260000,False,1124721107,8101
6Q2hd7yGNjo,Geleira üßä s√≠mbolo da Patag√¥nia perde blocos gigantes com cada vez mais frequ√™ncia #bbcnewsbrasil,"Uma imagem impressionante e preocupante: um bloco de gelo de 70 metros de altura, do tamanho de um pr√©dio de 20 andares, desabando da face da geleira Perito Moreno, na Argentina. 

Especialistas est√£o cada vez mais alarmados, porque a geleira, uma grande atra√ß√£o para os turistas e que havia conseguido manter sua massa apesar do aumento da temperatura, agora mostra sinais de recuo em meio ao aquecimento global. 

Veja os detalhes no v√≠deo.

#bbcbrasil #PatagoniaArgentina #mudancaclimatica",BBC News Brasil,UCthbIFAxbXTTQEC7EcQvP1Q,2025-05-26T09:00:16Z,12095,908,37,80,"['bbc brasil', 'bbcbrasil', 'not√≠cias internacionais', 'bbc news brasil', 'bbc']",4260000,False,1124721107,8101
pQcCbCfW9TM,"Afinal, quem inventou o avi√£o? (A resposta provavelmente n√£o √© a que voc√™ pensou)","A pol√™mica j√° dura mais de um s√©culo. 

Voc√™ talvez j√° tenha ouvido falar: o Brasil considera Santos Dumont o pai da avia√ß√£o, enquanto os Estados Unidos defendem e espalham pro mundo que o t√≠tulo √© dos americanos Orville e Wilbur Wright, os irm√£os Wright.
 
Neste v√≠deo, a rep√≥rter da BBC News Brasil Camilla Veras Mota conversa com 7 especialistas de 4 pa√≠ses. Com a ajuda deles, de documentos e de livros sobre o assunto, ela traz os principais argumentos dos dois lados - e uma surpresa no final.

Curtiu? Inscreva-se no canal da BBC News Brasil! E se quiser ler mais not√≠cias, clique aqui: https://www.bbcbrasil.com

#bbcnewsbrasil #avia√ß√£o #santosdumont #irm√£oswright",BBC News Brasil,UCthbIFAxbXTTQEC7EcQvP1Q,2025-05-25T16:31:15Z,214118,12959,1763,936,"['bbc brasil', 'bbcbrasil', 'not√≠cias internacionais', 'bbc news brasil', 'bbc', 'avia√ß√£o', 'avi√£o', 'Santos Dumont', 'Irm√£os Wright']",4260000,False,1124721107,8101
y5rh39x0g_k,Japoneses na Amaz√¥nia: como uma comunidade imigrante revolucionou o cultivo local #bbcnewsbrasil,"A equipe da BBC News Brasil visitou Tom√©-A√ßu, no
interior do Par√°, para contar a hist√≥ria da comunidade
japonesa que se instalou naquele peda√ßo da
Amaz√¥nia.

As primeiras levas de japoneses chegaram em 1929,
quando o Jap√£o vivia uma grave crise. Anos depois, o
grupo foi alvo de uma s√©rie de restri√ß√µes do governo
brasileiro por causa da Segunda Guerra Mundial.

Com o fim da guerra, a col√¥nia viveu um ciclo de
prosperidade nos anos 1960, at√© que uma praga
arrasou as planta√ß√µes e for√ßou os agricultores a buscar
alternativas.

Foi ent√£o que, observando comunidades ribeirinhas
locais e resgatando t√©cnicas ancestrais japonesas,
eles desenvolveram um m√©todo que privilegia a
diversidade de esp√©cies e produz alimentos o ano
todo, ajudando a regenerar √°reas desmatadas nas
√∫ltimas d√©cadas.",BBC News Brasil,UCthbIFAxbXTTQEC7EcQvP1Q,2025-05-25T12:01:40Z,13401,2098,51,180,"['bbc brasil', 'bbcbrasil', 'not√≠cias internacionais', 'bbc news brasil', 'bbc']",4260000,False,1124721107,8101
4GogvtE3Hkc,Uma pomba üïäÔ∏è diferente voa pelas ruas do Cairo #bbcnewsbrasil,"Em meio √† agita√ß√£o da capital eg√≠pcia, Abdel Rahman Ismael d√° um giro de moto acompanhado de sua pomba branca. 

Chamada de Bondk, ela voa livremente ao lado de quem a treinou desde que nasceu, h√° 18 meses. 

Abdel conta que a pomba tinha medo de pessoas e do barulho do tr√¢nsito no in√≠cio, mas, depois de muito treino, agora responde aos seus chamados, pousa em seu ombro e o segue por onde quer que v√°, o que, segundo ele, √© incomum para a esp√©cie.

Veja os detalhes no v√≠deo.

#bbcbrasil #bichos #egito #animais",BBC News Brasil,UCthbIFAxbXTTQEC7EcQvP1Q,2025-05-24T12:00:07Z,12832,1220,26,62,"['bbc brasil', 'bbcbrasil', 'not√≠cias internacionais', 'bbc news brasil', 'bbc']",4260000,False,1124721107,8101
EyqX8GLisTE,"Quem foi Frei Caneca, o padre revolucion√°rio fuzilado h√° 200 anos","Republicano e federalista, religioso foi um dos principais participantes da Revolu√ß√£o Pernambucana de 1817 e um dos mentores da Confedera√ß√£o do Equador. 

Ou√ßa √°udio de reportagem de Edison Veiga.       
 
Leia tamb√©m o texto https://www.bbc.com/portuguese/articles/cn0ylz002l9o.

O BBC L√™ foi lan√ßado como podcast que voc√™ pode ouvir ou baixar em Apple Podcasts (https://podcasts.apple.com/br/podcast/bbc-l%C3%AA/id1586358051?uo=4), Spotify (https://open.spotify.com/show/54YV8Rd6zmvq9Ry55q9HQw) ou Amazon Music (https://music.amazon.com.br/podcasts/5082d646-cd10-4192-8f83-4812d02b6f83/bbc-l%C3%AA).

A lista completa dos epis√≥dios no YouTube est√° aqui: https://www.youtube.com/playlist?list=PLCX5XjxKTpTlB8KK68IQDWfiSMjqNwVmB

Curtiu? Inscreva-se no canal da BBC News Brasil! E se quiser ler mais not√≠cias, clique aqui: https://www.bbcbrasil.com

Curtiu? Inscreva-se no canal da BBC News Brasil! E se quiser ler mais not√≠cias, clique aqui: https://www.bbcbrasil.com",BBC News Brasil,UCthbIFAxbXTTQEC7EcQvP1Q,2025-05-24T10:00:31Z,24588,2454,128,988,"['bbc brasil', 'bbcbrasil', 'not√≠cias internacionais', 'bbc news brasil', 'bbc']",4260000,False,1124721107,8101
wmqm3VL560g,"Morre Sebasti√£o Salgado, o fot√≥grafo que retratou o Brasil para o mundo #bbcnewsbrasil","Curtiu? Inscreva-se no canal da BBC News Brasil! E se quiser ler mais not√≠cias, clique aqui: https://www.bbcbrasil.com",BBC News Brasil,UCthbIFAxbXTTQEC7EcQvP1Q,2025-05-23T20:30:20Z,15527,1218,31,56,"['bbc brasil', 'bbcbrasil', 'not√≠cias internacionais', 'bbc news brasil', 'bbc']",4260000,False,1124721107,8101
cQnHmsT_epI,Como Tom Cruise gravou essa cena de 'Miss√£o Imposs√≠vel'? #bbcnewsbrasil,"Curtiu? Inscreva-se no canal da BBC News Brasil! E se quiser ler mais not√≠cias, clique aqui: https://www.bbcbrasil.com",BBC News Brasil,UCthbIFAxbXTTQEC7EcQvP1Q,2025-05-23T19:29:53Z,23476,773,15,52,"['bbc brasil', 'bbcbrasil', 'not√≠cias internacionais', 'bbc news brasil', 'bbc']",4260000,False,1124721107,8101
X_rDtfIoS5o,O que diz o primeiro Censo sobre a popula√ß√£o autista no Brasil #bbcnewsbrasil,#noticias #autismo #pcd,BBC News Brasil,UCthbIFAxbXTTQEC7EcQvP1Q,2025-05-23T17:43:40Z,23425,1521,94,141,[],4260000,False,1124721107,8101
YrZGECvgXkM,Helic√≥pteros i√ßam pessoas ilhadas em telhados por enchente na Austr√°lia,"Enchentes recorde na Austr√°liaüöÅüá¶üá∫üåßÔ∏è

Equipes a√©reas de resgate i√ßaram grupos de moradores ilhados nos tetos de suas casas no estado de Nova Gales do Sul, na Austr√°lia, depois das fortes chuvas que provocaram enchentes recorde.

Mais de 50 mil pessoas foram for√ßadas a abandonar suas casas, segundo autoridades estaduais.

As tempestades causadas por uma zona de baixa press√£o que se deslocou lentamente sobre a regi√£o foram declaradas desastre natural.

As inunda√ß√µes aconteceram numa escala maior do que quaisquer outras na mem√≥ria dos moradores da regi√£o, de acordo com os servi√ßos de emerg√™ncia de Nova Gales do Sul.

#austr√°lia #enchentes #novagalesdosul #bbcbrasil

Curtiu? Inscreva-se no canal da BBC News Brasil! E se quiser ler mais not√≠cias, clique aqui: https://www.bbcbrasil.com",BBC News Brasil,UCthbIFAxbXTTQEC7EcQvP1Q,2025-05-23T09:57:58Z,6970,363,6,55,"['bbc brasil', 'bbcbrasil', 'not√≠cias internacionais', 'bbc news brasil', 'bbc']",4260000,False,1124721107,8101
9bxKDqI_kEQ,As crian√ßas que receberam cuidado m√©dico fora de Gaza üáµüá∏ e obrigadas a retornar #bbcnewsbrasil,"Crian√ßas palestinas retornaram recentemente √† Faixa de Gaza ap√≥s receberem atendimento m√©dico na Jord√¢nia. 

Embora autoridades jordanianas afirmem que as crian√ßas conclu√≠ram o tratamento, suas fam√≠lias contam uma hist√≥ria diferente. 

A BBC conversou com pais que afirmam que o tratamento de seus filhos foi interrompido e acusam soldados israelenses de confiscar seus pertences na fronteira.",BBC News Brasil,UCthbIFAxbXTTQEC7EcQvP1Q,2025-05-22T20:35:26Z,16107,1503,173,180,"['bbc brasil', 'bbcbrasil', 'not√≠cias internacionais', 'bbc news brasil', 'bbc']",4260000,False,1124721107,8101
FuxZmKRiFNE,Os patriotas que denunciam 'atos anti-China' em Hong Kong,"Hong Kong, uma ex-col√¥nia brit√¢nica que foi devolvida para a China em 1997, est√° sujeita a tratados internacionais que protegem direitos fundamentais da popula√ß√£o, entre eles o de liberdade de imprensa. Esses tratados t√™m vig√™ncia ao menos at√© 2047. 
No entanto, uma lei de seguran√ßa nacional, imposta por Pequim um ano depois da onda de protestos pr√≥-democracia ocorridos em Hong Kong em 2019, tem sido criticada por silenciar a imprensa independente e coibir a liberdade de express√£o da popula√ß√£o.
E tamb√©m por incentivar uma crescente cultura de vigil√¢ncia m√∫tua e den√∫ncias an√¥nimas de suposto comportamento subversivo.
Nesta reportagem investigativa da BBC Eye, mostramos como ""patriotas"" pr√≥-China denunciam √†s autoridades pessoas que criticam o governo chin√™s. Confira.

#bbcnewsbrasil #china #hongkong #liberdadedeimprensa 

Curtiu? Inscreva-se no canal da BBC News Brasil! E se quiser ler mais not√≠cias, clique aqui: https://www.bbcbrasil.com",BBC News Brasil,UCthbIFAxbXTTQEC7EcQvP1Q,2025-05-22T20:00:21Z,32482,1929,645,724,"['bbc brasil', 'bbcbrasil', 'not√≠cias internacionais', 'bbc news brasil', 'bbc']",4260000,False,1124721107,8101
Va4PE3k3yik,Raio ‚ö° atinge carro de pol√≠cia nos EUA #bbcnewsbrasil,"Imagens mostram um carro policial atingido por um raio durante uma tempestade em Newcastle, Oklahoma, EUA na segunda-feira (19/5). Um alerta de tornado foi emitido pelo Servi√ßo Nacional de Meteorologia para partes do centro de Oklahoma, incluindo Newcastle.

""Ningu√©m ficou ferido, mas pode ter sido qualquer pessoa"", disse o Newcastle Emergency Management, que registrou as imagens, em uma publica√ß√£o no Facebook.

Confira no v√≠deo.

#BBCBrasil #raio #tempo #eua #Oklahoma",BBC News Brasil,UCthbIFAxbXTTQEC7EcQvP1Q,2025-05-22T17:13:20Z,20133,557,47,12,"['bbc brasil', 'bbcbrasil', 'not√≠cias internacionais', 'bbc news brasil', 'bbc']",4260000,False,1124721107,8101
6Jmpl5TyNKo,Trump alega ‚Äòpersegui√ß√£o a brancos‚Äô na √Åfrica do Sul üáøüá¶  #bbcnewsbrasil,"Durante a visita do presidente sul-africano Cyril Ramaphosa √† Casa Branca nesta quarta-feira (21/05), Donald Trump fez acusa√ß√µes de que estaria ocorrendo uma ‚Äúlimpeza √©tnica‚Äù contra brancos na √Åfrica do Sul.

O presidente americano acusou o governo sul-africano de confiscar terras de fazendeiros brancos, promulgar pol√≠ticas discriminat√≥rias contra brancos e adotar uma pol√≠tica externa antiamericana.

Trump recebeu seu hom√≥logo sul-africano com uma agenda focada em com√©rcio e coopera√ß√£o tecnol√≥gica, mas no pano de fundo estava um cen√°rio de deteriora√ß√£o na rela√ß√£o bilateral, ap√≥s v√°rios conflitos diplom√°ticos nos √∫ltimos meses.

Visivelmente desconfort√°vel, o presidente sul-africano defendeu o sistema democr√°tico de seu pa√≠s e destacou que ‚Äúa criminalidade na √Åfrica do Sul afeta tanto brancos quanto negros‚Äù.

#noticias #√°fricadosul #trump #eua",BBC News Brasil,UCthbIFAxbXTTQEC7EcQvP1Q,2025-05-22T12:21:33Z,15150,614,211,70,"['bbc brasil', 'bbcbrasil', 'not√≠cias internacionais', 'bbc news brasil', 'bbc']",4260000,False,1124721107,8101
2RLwDpIgOTE,Momento da pris√£o de suspeito de atentado em embaixada de Israel em Washington,"""No auge de suas vidas""

Dois funcion√°rios da embaixada de Israel foram mortos a tiros na quarta-feira (21/5) do lado de fora de um museu judaico no centro de Washington, a capital dos Estados Unidos, segundo autoridades.

O homem e a mulher eram um casal e foram mortos ao sa√≠rem de um evento voltado para ajudar os moradores de Gaza no Museu Judaico da Capital, informou o organizador do evento √† BBC no local.

O embaixador de Israel nos EUA, Yechiel Leiter, disse que o casal estava prestes a noivar e que o homem havia comprado uma alian√ßa esta semana.

A embaixada de Israel nos EUA identificou o casal morto a tiros em Washington como Yaron e Sarah. A imprensa israelense noticiou que seus nomes completos s√£o Yaron Lischinsky e Sarah Milgram.

As v√≠timas ""estavam no auge de suas vidas"", publicou a embaixada no X. A embaixada afirma que sua equipe est√° ""de cora√ß√£o partido e arrasado"" pelo assassinato.

""N√£o h√° palavras que expressem a profundidade de nossa dor e horror diante desta perda arrasadora. Nossos cora√ß√µes est√£o com suas fam√≠lias e a embaixada estar√° ao seu lado neste momento terr√≠vel.""

Um suspeito foi detido e identificado pela pol√≠cia como Elias Rodriguez, de 30 anos, natural de Chicago. Ele n√£o estava em nenhuma lista de monitoramento das autoridades. Segundo a pol√≠cia, ele teria indicado que foi respons√°vel pelo crime. A arma do crime foi encontrada.

Assista no v√≠deo ao momento em que Rodr√≠guez foi detido. Leia no www.bbcbrasil.com quem eram os funcion√°rios mortos no atentado de quarta-feira.

Inscreva-se no canal da BBC News Brasil! E se quiser ler mais not√≠cias, clique aqui: https://www.bbcbrasil.com",BBC News Brasil,UCthbIFAxbXTTQEC7EcQvP1Q,2025-05-22T10:27:36Z,58038,1144,515,24,"['bbc brasil', 'bbcbrasil', 'not√≠cias internacionais', 'bbc news brasil', 'bbc']",4260000,False,1124721107,8101
Pt_2xX9FORs,Por que p√™nis humano n√£o tem osso para ajudar na ere√ß√£o como em outros animais?,"Pode parecer surpreendente, mas a modalidade peniana humana √© bastante excepcional na compara√ß√£o com o resto dos mam√≠feros. 

Ou√ßa √°udio de reportagem de A. Victoria de Andr√©s Fern√°ndez, professora titular do Departamento de Biologia Animal da Universidade de M√°laga, na Espanha, para o site The Conversation.     
   
Leia tamb√©m o texto: https://www.bbc.com/portuguese/articles/cjr84qz21gxo.


O BBC L√™ foi lan√ßado como podcast que voc√™ pode ouvir ou baixar em Apple Podcasts (https://podcasts.apple.com/br/podcast/bbc-l%C3%AA/id1586358051?uo=4), Spotify (https://open.spotify.com/show/54YV8Rd6zmvq9Ry55q9HQw) ou Amazon Music (https://music.amazon.com.br/podcasts/5082d646-cd10-4192-8f83-4812d02b6f83/bbc-l%C3%AA).

A lista completa dos epis√≥dios no YouTube est√° aqui: https://www.youtube.com/playlist?list=PLCX5XjxKTpTlB8KK68IQDWfiSMjqNwVmB

Curtiu? Inscreva-se no canal da BBC News Brasil! E se quiser ler mais not√≠cias, clique aqui: https://www.bbcbrasil.com",BBC News Brasil,UCthbIFAxbXTTQEC7EcQvP1Q,2025-05-22T10:00:55Z,21310,1603,153,477,"['bbc brasil', 'bbcbrasil', 'not√≠cias internacionais', 'bbc news brasil', 'bbc']",4260000,False,1124721107,8101
mpuGBseW4U0,"Como funcionaria o Domo de Ouro, escudo antim√≠sseis anunciado por Trump #bbcnewsbrasil","#noticias #eua #trump #domowejedzenie 
Os Estados Unidos construir√£o um ""domo de ouro"" para proteger o pa√≠s de m√≠sseis lan√ßados da Terra ou do espa√ßo, anunciou o presidente Donald Trump na ter√ßa-feira (20/5).

Do Sal√£o Oval da Casa Branca, Trump disse que o projeto militar ser√° conclu√≠do durante seu atual governo a um custo de US$ 175 bilh√µes (R$ 992 bilh√µes).

""Ele ser√° integrado √†s nossas capacidades de defesa existentes e dever√° estar operacional antes do final do meu mandato, em cerca de tr√™s anos"", disse ele a rep√≥rteres na Casa Branca.",BBC News Brasil,UCthbIFAxbXTTQEC7EcQvP1Q,2025-05-21T22:45:02Z,21759,1238,153,85,"['bbc brasil', 'bbcbrasil', 'not√≠cias internacionais', 'bbc news brasil', 'bbc']",4260000,False,1124721107,8101
QfzoeCo-Qbc,As perturbadoras den√∫ncias de abusos de menores na √Åfrica do Sul #bbcnewsbrasil,"Testemunhas e grupos de defesa dos direitos humanos na √Åfrica do Sul denunciaram √† BBC in√∫meros incidentes de abusos sexuais ‚Äî inclusive de crian√ßas ‚Äî nas minas ilegais do pa√≠s.

Entre os locais em que os abusos teriam ocorrido est√° a mina de Stilfontein, onde um enfrentamento entre mineradores e a pol√≠cia acabou depois de um m√™s com pelo menos 78 mortes.

V√°rias das crian√ßas abusadas teriam sido traficadas para a √Åfrica South de pa√≠ses vizinhos. Elas, algumas com apenas 15 anos, s√£o ent√£o for√ßadas a trabalhar sob condi√ß√µes desumanas e muitas sofrem abusos sexuais de mineradores adultos.

#minera√ß√£o #√°fricadosul #bbcbrasil",BBC News Brasil,UCthbIFAxbXTTQEC7EcQvP1Q,2025-05-21T14:17:37Z,17236,1330,66,91,"['bbc brasil', 'bbcbrasil', 'not√≠cias internacionais', 'bbc news brasil', 'bbc']",4260000,False,1124721107,8101
lESqn1i156o,Jovens de Uganda viralizam lutando na lama ü•ä #bbcnewsbrasil,"O Soft Ground Wrestling (SGW), ou ‚Äúluta em solo macio‚Äù, de Uganda est√° ganhando destaque mundial, com centenas de milh√µes de visualiza√ß√µes em v√°rias plataformas.

Jovens lutadores se enfrentam em po√ßas de lama, sem holofotes ou grandes arenas ‚Äî mas mesmo assim chamam a aten√ß√£o de superestrelas da WWE (empresa americana de luta livre), como Cody Rhodes, que recentemente prometeu doar um ringue profissional para apoiar a trajet√≥ria do grupo.

Veja mais no v√≠deo.

#BBCBrasil #uganda #lutalivre",BBC News Brasil,UCthbIFAxbXTTQEC7EcQvP1Q,2025-05-21T12:33:10Z,7349,449,16,79,"['bbc brasil', 'bbcbrasil', 'not√≠cias internacionais', 'bbc news brasil', 'bbc']",4260000,False,1124721107,8101
HzQtR4R8RQ8,EUA x China: a hist√≥ria da rivalidade entre as duas pot√™ncias,"Confira neste v√≠deo:
0:00 Introdu√ß√£o
1:00 A vit√≥ria comunista na China continental em 1949
2:00 A recusa dos EUA em reconhecer governo comunista
2:15 Guerra da Coreia
2:57 Crise de Taiwan
4:35 Revolta no Tibete
5:20 Diplomacia do pingue-pongue e Henry Kissinger
6:25 Visita de Deng Xiaoping aos EUA
7:47 Pol√≠tica de engajamento construtivo
8:48 Mar do Sul da China
9:15 China vira segunda maior economia do mundo
10:40 Xi Jinping
10:54 Donald Trump e a guerra comercial
13:10 Rela√ß√£o entre China e R√∫ssia

A escalada da guerra comercial entre Estados Unidos e China em 2025 √© a demonstra√ß√£o mais recente da crescente rivalidade entre os dois pa√≠ses. 
Mas duas maiores economias do mundo t√™m uma rela√ß√£o complexa e uma rivalidade que abrange n√£o somente competi√ß√£o econ√¥mica ‚Äì tamb√©m envolve tens√µes geopol√≠ticas e diferen√ßas ideol√≥gicas. 
Ao longo das √∫ltimas d√©cadas, essa rela√ß√£o foi marcada tanto por per√≠odos de coopera√ß√£o quanto de competi√ß√£o estrat√©gica.  
A rep√≥rter La√≠s Alegretti explica neste v√≠deo. 
Leia tamb√©m a reportagem em texto: https://www.bbc.com/portuguese/articles/cq5wj79qj8do 
Veja tamb√©m o v√≠deo sobre a briga pelo Mar do Sul da China: 
https://www.youtube.com/watch?v=2U5cJy6Mu-0 

Curtiu? Inscreva-se no canal da BBC News Brasil! E se quiser ler mais not√≠cias, clique aqui: https://www.bbcbrasil.com",BBC News Brasil,UCthbIFAxbXTTQEC7EcQvP1Q,2025-05-20T20:00:23Z,150343,5689,436,845,"['bbc brasil', 'bbcbrasil', 'not√≠cias internacionais', 'bbc news brasil', 'bbc', 'EUA', 'China', 'rivalidade', 'economia', 'tarifas', 'Donald Trump', 'Xi Jinping']",4260000,False,1124721107,8101
dfi_IOmlxUI,A grave crise da falta de √°guaüíßna Faixa de Gaza,"Ag√™ncias humanit√°rias dizem que mais palestinos, especialmente crian√ßas e beb√™s, sofrer√£o de desidrata√ß√£o, doen√ßas e infec√ß√µes de pele devido √† grave escassez de √°gua.

J√° se passaram 10 semanas desde que Israel bloqueou todos os envios de ajuda humanit√°ria, incluindo alimentos, √°gua e suprimentos m√©dicos.

Israel anunciou agora que permitir√° a entrada de uma ""quantidade b√°sica de alimentos"" na Faixa de Gaza para garantir que ""nenhuma crise de fome se desenvolva"".

Autoridades palestinas dizem que Gaza teve 85% de sua infraestrutura de √°gua e saneamento destru√≠da.",BBC News Brasil,UCthbIFAxbXTTQEC7EcQvP1Q,2025-05-20T19:57:21Z,12513,1111,214,112,"['bbc brasil', 'bbcbrasil', 'not√≠cias internacionais', 'bbc news brasil', 'bbc']",4260000,False,1124721107,8101
LfNZWVJRrfE,A taxa da Igreja por terras que est√£o em nome de santos üí∏,"At√© hoje, santos s√£o citados em documentos oficiais como os donos de terras em v√°rias partes do pa√≠s, incluindo em capitais como Rio de Janeiro, Salvador e Fortaleza.

E quem mora em im√≥veis localizados nessas terras √© obrigado a pagar uma esp√©cie de imposto √† Igreja Cat√≥lica se quiser vend√™-los.

A cobran√ßa, chamada de laud√™mio, corresponde a 2,5% do valor do im√≥vel e garante √† institui√ß√£o religiosa uma fonte de renda perp√©tua.

O rep√≥rter Jo√£o Fellet explica a hist√≥ria dessa taxa. Veja os detalhes no v√≠deo.

#bbcbrasil #igreja #religiao #taxa",BBC News Brasil,UCthbIFAxbXTTQEC7EcQvP1Q,2025-05-20T17:21:08Z,199951,16992,1405,165,"['bbc brasil', 'bbcbrasil', 'not√≠cias internacionais', 'bbc news brasil', 'bbc']",4260000,False,1124721107,8101
zD2ZwKiHWXU,"Como foi o Holocausto cigano, uma hist√≥ria esquecida que n√£o terminou de ser escrita","Genoc√≠dio na Europa de meados do s√©culo 20 continua muito menos conhecido do que o Holocausto judeu. 

E os ciganos continuam a sofrer discrimina√ß√£o generalizada. Por qu√™? 

Ou√ßa √°udio adaptado de document√°rio da historiadora Celia Donert, para a s√©rie BBC Documentary.        

Leia tamb√©m o texto: https://www.bbc.com/portuguese/articles/c98yl9me9n3o.

O BBC L√™ foi lan√ßado como podcast que voc√™ pode ouvir ou baixar em Apple Podcasts (https://podcasts.apple.com/br/podcast/bbc-l%C3%AA/id1586358051?uo=4), Spotify (https://open.spotify.com/show/54YV8Rd6zmvq9Ry55q9HQw) ou Amazon Music (https://music.amazon.com.br/podcasts/5082d646-cd10-4192-8f83-4812d02b6f83/bbc-l%C3%AA).

A lista completa dos epis√≥dios no YouTube est√° aqui: https://www.youtube.com/playlist?list=PLCX5XjxKTpTlB8KK68IQDWfiSMjqNwVmB

Curtiu? Inscreva-se no canal da BBC News Brasil! E se quiser ler mais not√≠cias, clique aqui: https://www.bbcbrasil.com",BBC News Brasil,UCthbIFAxbXTTQEC7EcQvP1Q,2025-05-20T10:01:37Z,25139,2114,160,1307,"['bbc brasil', 'bbcbrasil', 'not√≠cias internacionais', 'bbc news brasil', 'bbc']",4260000,False,1124721107,8101
NZkMzsKJ1k4,"Portugal: o r√°pido crescimento do Chega, partido anti-imigra√ß√£o","A Alian√ßa Democr√°tica (AD), coliga√ß√£o de centro-direita, que j√° governa Portugal, venceu as elei√ß√µes gerais no pa√≠s. Mas outra for√ßa est√° sendo considerada como outra grandes vencedora do pleito: o Chega, de direita radical.

O partido conquistou o mesmo n√∫mero de vagas no Parlamento dos socialistas (PS), de esquerda: 58 deputados.
 
Em apenas seis anos de exist√™ncia, o Chega aumentou sua vota√ß√£o de 1,3% para cerca de 23%. O l√≠der do Chega, Andr√© Ventura, comemorou o resultado eleitoral. ""Podemos declarar oficialmente, e com seguran√ßa, que acabou o bipartidarismo. Fizemos hist√≥ria.""
 
O rep√≥rter Andr√© Gallas explica como aconteceu a ascens√£o do Chega no cen√°rio pol√≠tico portugu√™s.
 
Reportagem em texto: https://www.bbc.com/portuguese/articles/cp3q49nzpj0o
 
#bbcnewsbrasil #noticias #politica #europa #imigra√ß√£o #portugal
 
Curtiu? Inscreva-se no canal da BBC News Brasil! E se quiser ler mais not√≠cias, clique aqui: https://www.bbcbrasil.com",BBC News Brasil,UCthbIFAxbXTTQEC7EcQvP1Q,2025-05-19T21:23:46Z,118521,5254,2015,531,"['bbc brasil', 'bbcbrasil', 'not√≠cias internacionais', 'bbc news brasil', 'bbc']",4260000,False,1124721107,8101
T2sBrGGS4I0,Brasil anima com frevo o tapete vermelho do Festival de Cannes #bbcnewsbrasil,"Curtiu? Inscreva-se no canal da BBC News Brasil! E se quiser ler mais not√≠cias, clique aqui: https://www.bbcbrasil.com",BBC News Brasil,UCthbIFAxbXTTQEC7EcQvP1Q,2025-05-19T20:35:12Z,25107,1874,73,57,"['bbc brasil', 'bbcbrasil', 'not√≠cias internacionais', 'bbc news brasil', 'bbc']",4260000,False,1124721107,8101
r0FEwlRgf04,O gatinho estava levando drogas para uma pris√£o na Costa Rica üö®üê±üá®üá∑ #bbcnewsbrasil,"Curtiu? Inscreva-se no canal da BBC News Brasil! E se quiser ler mais not√≠cias, clique aqui: https://www.bbcbrasil.com",BBC News Brasil,UCthbIFAxbXTTQEC7EcQvP1Q,2025-05-19T15:46:08Z,61085,2556,223,31,"['bbc brasil', 'bbcbrasil', 'not√≠cias internacionais', 'bbc news brasil', 'bbc']",4260000,False,1124721107,8101
0YWTx_t9ZMI,Como estudar de forma eficiente? ‚úçÔ∏èüìö #bbcnewsbrasil,"Curtiu? Inscreva-se no canal da BBC News Brasil! E se quiser ler mais not√≠cias, clique aqui: https://www.bbcbrasil.com

#estudo #tecnicasdeestudo #aprendizado #escola #cienciadoaprendizado",BBC News Brasil,UCthbIFAxbXTTQEC7EcQvP1Q,2025-05-18T22:30:00Z,41475,5437,45,179,"['bbc brasil', 'bbcbrasil', 'not√≠cias internacionais', 'bbc news brasil', 'bbc']",4260000,False,1124721107,8101
vSmwYTyT1d4,‚òïüç¥ Faz mal tomar caf√© durante as refei√ß√µes? #bbcnewsbrasil,"Curtiu? Inscreva-se no canal da BBC News Brasil! E se quiser ler mais not√≠cias, clique aqui: https://www.bbcbrasil.com

#cafe #nutricao #alimentacao #TikTokNot√≠cias",BBC News Brasil,UCthbIFAxbXTTQEC7EcQvP1Q,2025-05-18T16:30:30Z,18177,1521,41,75,"['bbc brasil', 'bbcbrasil', 'not√≠cias internacionais', 'bbc news brasil', 'bbc']",4260000,False,1124721107,8101
MotBO_RzZmg,Evolu√ß√£o: a descoberta que provou que humanos vieram da √Åfrica - e n√£o da Europa,"Um cr√¢nio descoberto em 1924 mudou o que at√© ent√£o os humanos sabiam sobre suas origens.

Essa descoberta foi feita pelo pesquisador Raymond Dart, que batizou o f√≥ssil de ""crian√ßa de Taung"", em alus√£o √† comunidade sul-africana onde ele foi encontrado.

O estudo de Dart apontava que a humanidade surgiu na √Åfrica, uma ideia que inicialmente foi rejetada pela comunidade cient√≠fica. S√≥ d√©cadas depois que novos descobrimentos refor√ßaram as conclus√µes de Dart. 

√â o que conta Giulia Granchi neste v√≠deo sobre a origem humana.

Reportagem em texto: https://www.bbc.com/portuguese/articles/c4g9d5051nqo

#bbcnewsbrasil #noticias #historia #taung 

Curtiu? Inscreva-se no canal da BBC News Brasil! E se quiser ler mais not√≠cias, clique aqui: https://www.bbcbrasil.com",BBC News Brasil,UCthbIFAxbXTTQEC7EcQvP1Q,2025-05-18T15:00:38Z,92649,7203,736,356,"['bbc brasil', 'bbcbrasil', 'not√≠cias internacionais', 'bbc news brasil', 'bbc']",4260000,False,1124721107,8101
47OrSV6NlAY,üêíüåø Chimpanz√©s usam plantas medicinais para tratar feridas abertas e outros machucados üè•,"#bbcnewsbrasil #chimpanzes #natureza #wildlife #macacos #animais #biologia 

Curtiu? Inscreva-se no canal da BBC News Brasil! E se quiser ler mais not√≠cias, clique aqui: https://www.bbcbrasil.com",BBC News Brasil,UCthbIFAxbXTTQEC7EcQvP1Q,2025-05-18T10:30:04Z,12684,1185,34,68,"['bbc brasil', 'bbcbrasil', 'not√≠cias internacionais', 'bbc news brasil', 'bbc']",4260000,False,1124721107,8101
3vFh57myuqE,A odisseia de um turista brit√¢nico na praia de Copacabana #bbcnewsbrasil,#noticias #rio #copacabana #turismo,BBC News Brasil,UCthbIFAxbXTTQEC7EcQvP1Q,2025-05-17T22:35:17Z,570786,28471,1799,40,"['bbc brasil', 'bbcbrasil', 'not√≠cias internacionais', 'bbc news brasil', 'bbc']",4260000,False,1124721107,8101
0OnuCJ9WEDk,üò¥üá∫üá∏ Deputado cochila durante reuni√£o noturna do Congresso americano  #bbcnewsbrasil,"Curtiu? Inscreva-se no canal da BBC News Brasil! E se quiser ler mais not√≠cias, clique aqui: https://www.bbcbrasil.com

#BBCBrasil #estadosunidos #deputado #politicaamericana #congressodoseua",BBC News Brasil,UCthbIFAxbXTTQEC7EcQvP1Q,2025-05-17T19:30:01Z,34188,1552,95,25,"['bbc brasil', 'bbcbrasil', 'not√≠cias internacionais', 'bbc news brasil', 'bbc']",4260000,False,1124721107,8101
Qb8g-Y-K1WQ,üêçüáÆüá≥ Cobra-real de 4 metros causa p√¢nico em escola na √çndia #bbcnewsbrasil,"#BBCBrasil #cobra #india #animais #serpente #escola

Curtiu? Inscreva-se no canal da BBC News Brasil! E se quiser ler mais not√≠cias, clique aqui: https://www.bbcbrasil.com",BBC News Brasil,UCthbIFAxbXTTQEC7EcQvP1Q,2025-05-17T13:30:19Z,23972,1288,49,61,"['bbc brasil', 'bbcbrasil', 'not√≠cias internacionais', 'bbc news brasil', 'bbc']",4260000,False,1124721107,8101
2_C13VnXAiQ,O enigma das esculturas de 'V√™nus' da Era do Gelo,"Apesar de mais de um s√©culo e meio de especula√ß√£o, estas estatuetas representando mulheres nuas e sem rosto permanecem um mist√©rio. 
Quem as fez? E para que elas serviam?

Ou√ßa √°udio de reportagem de Zaria Gorvett, da BBC Future.     
   
Leia tamb√©m o texto https://www.bbc.com/portuguese/articles/c1w5d3z4x3do.

O BBC L√™ foi lan√ßado como podcast que voc√™ pode ouvir ou baixar em Apple Podcasts (https://podcasts.apple.com/br/podcast/bbc-l%C3%AA/id1586358051?uo=4), Spotify (https://open.spotify.com/show/54YV8Rd6zmvq9Ry55q9HQw) ou Amazon Music (https://music.amazon.com.br/podcasts/5082d646-cd10-4192-8f83-4812d02b6f83/bbc-l%C3%AA).

A lista completa dos epis√≥dios no YouTube est√° aqui: https://www.youtube.com/playlist?list=PLCX5XjxKTpTlB8KK68IQDWfiSMjqNwVmB

Curtiu? Inscreva-se no canal da BBC News Brasil! E se quiser ler mais not√≠cias, clique aqui: https://www.bbcbrasil.com",BBC News Brasil,UCthbIFAxbXTTQEC7EcQvP1Q,2025-05-17T10:00:05Z,25769,2027,71,1134,"['bbc brasil', 'bbcbrasil', 'not√≠cias internacionais', 'bbc news brasil', 'bbc']",4260000,False,1124721107,8101
5qGZFmv7j8g,üá¶üá™üá∫üá∏  Trump √© recebido em Abu Dhabi com dan√ßa tradicional Al-Ayyala #bbcnewsbrasil,"Curtiu? Inscreva-se no canal da BBC News Brasil! E se quiser ler mais not√≠cias, clique aqui: https://www.bbcbrasil.com",BBC News Brasil,UCthbIFAxbXTTQEC7EcQvP1Q,2025-05-16T20:45:00Z,173469,4656,1069,32,"['bbc brasil', 'bbcbrasil', 'not√≠cias internacionais', 'bbc news brasil', 'bbc']",4260000,False,1124721107,8101
ijd7SSUyJOE,üáµüá∏üáÆüá± ‚ÄúO Congresso est√° pagando para bombardear crian√ßas pobres em Gaza‚Äù #bbcnewsbrasil,"Curtiu? Inscreva-se no canal da BBC News Brasil! E se quiser ler mais not√≠cias, clique aqui: https://www.bbcbrasil.com",BBC News Brasil,UCthbIFAxbXTTQEC7EcQvP1Q,2025-05-16T18:31:02Z,62617,4750,673,57,"['bbc brasil', 'bbcbrasil', 'not√≠cias internacionais', 'bbc news brasil', 'bbc']",4260000,False,1124721107,8101
VsD-axVjluk,As primeiras imagens da forma√ß√£o de um cora√ß√£o üêÄüíô #bbcnewsbrasil,"Curtiu? Inscreva-se no canal da BBC News Brasil! E se quiser ler mais not√≠cias, clique aqui: https://www.bbcbrasil.com",BBC News Brasil,UCthbIFAxbXTTQEC7EcQvP1Q,2025-05-16T15:07:02Z,87377,6542,476,36,"['bbc brasil', 'bbcbrasil', 'not√≠cias internacionais', 'bbc news brasil', 'bbc']",4260000,False,1124721107,8101
D43QLdph7MI,Gaza: imagens mostram momento em que hospital √© atingido por ataque a√©reo de Israel #bbcnewsbrasil,"Curtiu? Inscreva-se no canal da BBC News Brasil! E se quiser ler mais not√≠cias, clique aqui: https://www.bbcbrasil.com",BBC News Brasil,UCthbIFAxbXTTQEC7EcQvP1Q,2025-05-16T13:35:57Z,27686,1828,481,110,"['bbc brasil', 'bbcbrasil', 'not√≠cias internacionais', 'bbc news brasil', 'bbc']",4260000,False,1124721107,8101
0498iYDpA1M,"Parlamentares MƒÅori podem ser suspensos por protesto com haka ""intimidante‚Äù em 2024 #bbcnewsbrasil","Curtiu? Inscreva-se no canal da BBC News Brasil! E se quiser ler mais not√≠cias, clique aqui: https://www.bbcbrasil.com",BBC News Brasil,UCthbIFAxbXTTQEC7EcQvP1Q,2025-05-16T10:00:01Z,29078,1613,273,75,"['bbc brasil', 'bbcbrasil', 'not√≠cias internacionais', 'bbc news brasil', 'bbc']",4260000,False,1124721107,8101
Kpqlj7Eb73c,As celebra√ß√µes nas ruas da S√≠ria ap√≥s san√ß√µes dos EUA serem suspensas #bbcnewsbrasil,"Curtiu? Inscreva-se no canal da BBC News Brasil! E se quiser ler mais not√≠cias, clique aqui: https://www.bbcbrasil.com",BBC News Brasil,UCthbIFAxbXTTQEC7EcQvP1Q,2025-05-16T00:30:13Z,9630,678,54,71,"['bbc brasil', 'bbcbrasil', 'not√≠cias internacionais', 'bbc news brasil', 'bbc']",4260000,False,1124721107,8101
qh7KPIkQYF4,Como fica o Brasil na tens√£o comercial entre EUA e China?,"Em visita √† China, o presidente Lula declarou recentemente que a rela√ß√£o do Brasil com a pot√™ncia asi√°tica √© indestrut√≠vel.

Enquanto os chineses s√£o os maiores parceiros comerciais do pa√≠s, o Brasil tamb√©m depende grandemente do com√©rcio exterior com os EUA.

Na espiral de crescente tens√£o entre os EUA de Donald Trump e a China de Xi Jinping, o governo brasileiro vai precisar fazer uma ""escolha"" entre seus maiores parceiros? 

Ou o Brasil vai conseguir se equilibrar entre as duas pot√™ncias e manter os fluxos comerciais de itens essenciais para o desenvolvimento do pa√≠s? 

Neste v√≠deo, o rep√≥rter Leandro Prazeres explora as possibilidades que est√£o na mesa para o governo Lula e as press√µes que o Brasil vem sofrendo enquanto chineses e americanos sobem o tom na arena global. 

Curtiu? Inscreva-se no canal da BBC News Brasil! E se quiser ler mais not√≠cias, clique aqui: https://www.bbcbrasil.com",BBC News Brasil,UCthbIFAxbXTTQEC7EcQvP1Q,2025-05-15T22:14:21Z,108841,6721,859,562,"['bbc brasil', 'bbcbrasil', 'not√≠cias internacionais', 'bbc news brasil', 'bbc']",4260000,False,1124721107,8101
